feature,importance
area_sqft,0.6273143107277231
area_marla,0.1044174350612417
city_Islamabad,0.0980862769823571
city_Faisalabad,0.0518852671207247
age_years,0.038675681649302
bedrooms,0.02738557490297028
nearby_school_km,0.010029180244908498
location_DHA,0.006907816222965449
city_Rawalpindi,0.006217235728533366
location_Clifton,0.00384624982865292
stories,0.003700087097799856
location_Bahria Town,0.0027645000994885403
furnished,0.002448996491883946
bathrooms,0.0020640287915371855
location_Model Town,0.0020347826612309165
garage,0.0018745762140387901
main_road_access,0.001846760074037924
city_Karachi,0.0014146996738761133
location_Gulberg,0.001334968296257467
location_Gulshan-e-Iqbal,0.0009467609714602732
city_Lahore,0.0008762054968550619
location_North Nazimabad,0.0008347573386058001
location_Chaklala,0.0007364441996239505
location_Satellite Town,0.0007146398384562817
location_Johar Town,0.0004714893361155201
gas_available,0.0003681427205626858
location_G-sectors,0.00017129941298880169
location_E-sectors,0.00016771893419557192
location_F-sectors,0.00015553083640727693
location_Askari,0.00013415975789172249
location_Susan Road,7.723710946169258e-05
location_Jaranwala Road,7.301989911381492e-05
location_Wapda Town,2.4166278731838217e-05
